{
  "tag": "final",
  "checkpoint_path": "E:\\JoelZijnEpischeShit\\BachelorsProject\\checkpoints\\per_subject_encoder\\fold_persubject\\best_model_epoch_19.pth",
  "overall": {
    "mse": 49.60256435990822,
    "mae": 4.321554412599689,
    "rmse": 7.04290879963018
  },
  "per_step": {
    "rmse": [
      4.3062028884887695, 4.304407596588135, 4.306098937988281, 4.316300868988037, 4.32341194152832,
      4.34055233001709, 4.351436138153076, 4.372474670410156, 4.390310764312744, 4.411890506744385,
      4.437114715576172, 4.4648756980896, 4.492285251617432, 4.526826858520508, 4.557021141052246,
      4.592000961303711, 4.6279473304748535, 4.671255588531494, 4.708901882171631, 4.752549171447754,
      4.792636394500732, 4.839006423950195, 4.882532119750977, 4.929595947265625, 4.97810173034668,
      5.023319244384766, 5.0734992027282715, 5.122687816619873, 5.168644905090332, 5.214932441711426,
      5.264083385467529, 5.313783645629883, 5.358725070953369, 5.408214092254639, 5.455948829650879,
      5.50081205368042, 5.543967247009277, 5.591818809509277, 5.633711814880371, 5.680484771728516,
      5.72196626663208, 5.762280464172363, 5.804681301116943, 5.845149040222168, 5.886876106262207,
      5.924153804779053, 5.9623823165893555, 6.000858306884766, 6.039474010467529, 6.074837684631348,
      6.111122131347656, 6.146777629852295, 6.18365478515625, 6.220002174377441, 6.255638122558594,
      6.292077541351318, 6.326348304748535, 6.362359046936035, 6.398964881896973, 6.4337849617004395,
      6.468610763549805, 6.506677150726318, 6.543078899383545, 6.579085350036621, 6.617586135864258,
      6.656225204467773, 6.693345546722412, 6.733694553375244, 6.773950576782227, 6.814287185668945,
      6.856298923492432, 6.898412704467773, 6.941956996917725, 6.985340595245361, 7.0302557945251465,
      7.075717926025391, 7.121777534484863, 7.1689453125, 7.215840816497803, 7.263519287109375,
      7.312503814697266, 7.361839294433594, 7.410488605499268, 7.460204601287842, 7.509716033935547,
      7.55934476852417, 7.608458042144775, 7.657585144042969, 7.7075371742248535, 7.757250785827637,
      7.8058671951293945, 7.854365348815918, 7.902763366699219, 7.950958251953125, 7.997923851013184,
      8.044435501098633, 8.090727806091309, 8.135199546813965, 8.181500434875488, 8.224055290222168,
      8.267154693603516, 8.309162139892578, 8.349470138549805, 8.39096450805664, 8.429974555969238,
      8.469161033630371, 8.508377075195312, 8.545302391052246, 8.584686279296875, 8.619436264038086,
      8.655929565429688, 8.691617965698242, 8.726717948913574, 8.762284278869629, 8.795686721801758,
      8.830477714538574, 8.863656044006348, 8.899317741394043, 8.931328773498535, 8.964556694030762,
      8.99872875213623, 9.032174110412598, 9.065673828125, 9.099369049072266, 9.133155822753906,
      9.166081428527832, 9.197969436645508, 9.233573913574219, 9.269529342651367, 9.306154251098633,
      9.342811584472656, 9.381584167480469, 9.418848037719727, 9.458206176757812, 9.501944541931152,
      9.541341781616211, 9.586628913879395
    ]
  },
  "residual_summary": {
    "count": 66974094,
    "mean": -0.5626047218189938,
    "std": 7.020401717855002
  },
  "subject_metrics": {
    "persubject": {"mse": 49.602564340258176, "mae": 4.321554411179447, "rmse": 7.042908798235157, "count": 66974094}
  },
  "activity_metrics": {
    "walk":       {"mse": 60.09453906587274,  "mae": 4.619397418822396, "rmse": 7.752066760927226, "count": 34641957},
    "ramp_up":    {"mse": 24.279979690090087, "mae": 3.3768140000762505,"rmse": 4.927471937017002,  "count": 11360040},
    "ramp_down":  {"mse": 39.043403397055684, "mae": 4.226671036873948, "rmse": 6.248472085002516,  "count": 10822041},
    "stair_up":   {"mse": 44.49932966427303,  "mae": 4.16277393492992,  "rmse": 6.6707817880869875, "count": 5061054},
    "stair_down": {"mse": 62.238137319447105, "mae": 4.762672832360672, "rmse": 7.889115116376938,  "count": 5089002}
  }
}
