{
  "tag": "final",
  "checkpoint_path": "E:\\JoelZijnEpischeShit\\BachelorsProject\\checkpoints\\final_run_v1\\fold_persubject\\best_model_epoch_44.pth",
  "overall": {
    "mse": 151.33939749139702,
    "mae": 8.727795146620423,
    "rmse": 12.302007864222695
  },
  "per_step": {
    "mse": [
      106.5931167602539,
      105.16122436523438,
      103.6755599975586,
      102.25505828857422,
      101.0133056640625,
      99.894287109375,
      98.89750671386719,
      98.02655029296875,
      97.15824890136719,
      96.51101684570312,
      95.8946762084961,
      95.36902618408203,
      94.90872192382812,
      94.67054748535156,
      94.42516326904297,
      94.25543212890625,
      94.16805267333984,
      94.23866271972656,
      94.46044158935547,
      94.69033813476562,
      94.87466430664062,
      95.27322387695312,
      95.90435028076172,
      96.50175476074219,
      97.29119873046875,
      98.11248779296875,
      99.03544616699219,
      99.8155288696289,
      100.89317321777344,
      101.97328186035156,
      103.05268096923828,
      104.36272430419922,
      105.57002258300781,
      106.9551010131836,
      108.28457641601562,
      109.62281036376953,
      111.13643646240234,
      112.51806640625,
      113.97473907470703,
      115.18704223632812,
      116.59683227539062,
      118.23099517822266,
      119.76270294189453,
      121.18206787109375,
      122.56690979003906,
      123.96199798583984,
      125.27559661865234,
      126.58685302734375,
      127.90201568603516,
      129.17649841308594,
      130.3596954345703,
      131.51988220214844,
      132.91342163085938,
      134.09849548339844,
      135.1476593017578,
      136.22442626953125,
      137.21206665039062,
      138.2362060546875,
      139.3297576904297,
      140.31930541992188,
      141.176513671875,
      142.00503540039062,
      142.83041381835938,
      143.7401580810547,
      144.73643493652344,
      145.5430908203125,
      146.40455627441406,
      147.1698760986328,
      148.23240661621094,
      149.02232360839844,
      149.74168395996094,
      150.72496032714844,
      151.5755157470703,
      152.59568786621094,
      153.48899841308594,
      154.31781005859375,
      155.36692810058594,
      156.35784912109375,
      157.33523559570312,
      158.43829345703125,
      159.5303192138672,
      160.53208923339844,
      161.7443084716797,
      162.9073486328125,
      164.0245361328125,
      165.31369018554688,
      166.59812927246094,
      167.7922821044922,
      169.0562744140625,
      170.34837341308594,
      171.59739685058594,
      172.89022827148438,
      174.19862365722656,
      175.55734252929688,
      176.9608917236328,
      178.36959838867188,
      179.72003173828125,
      181.118408203125,
      182.30140686035156,
      183.72947692871094,
      185.02511596679688,
      186.3411407470703,
      187.81756591796875,
      189.04934692382812,
      190.46780395507812,
      191.72328186035156,
      193.01907348632812,
      194.2896728515625,
      195.543701171875,
      196.68798828125,
      197.99038696289062,
      199.20570373535156,
      200.45079040527344,
      201.7128448486328,
      202.7396697998047,
      204.0155792236328,
      205.2353515625,
      206.39773559570312,
      207.56399536132812,
      208.9078369140625,
      210.2173309326172,
      211.43829345703125,
      212.6067352294922,
      213.58961486816406,
      215.03298950195312,
      216.36911010742188,
      217.70648193359375,
      219.31109619140625,
      220.58889770507812,
      222.16860961914062,
      223.9025115966797,
      225.2648468017578,
      226.97584533691406,
      228.77499389648438,
      230.46144104003906,
      232.37518310546875,
      234.22422790527344
    ],
    "mae": [
      7.237257480621338,
      7.171042442321777,
      7.105471611022949,
      7.04371976852417,
      6.98928165435791,
      6.939335823059082,
      6.895197868347168,
      6.858157634735107,
      6.822430610656738,
      6.792374610900879,
      6.766200065612793,
      6.747222423553467,
      6.730165004730225,
      6.72252082824707,
      6.7133402824401855,
      6.710284233093262,
      6.711647033691406,
      6.719937801361084,
      6.732590198516846,
      6.747471809387207,
      6.758659839630127,
      6.779086112976074,
      6.808399677276611,
      6.836096286773682,
      6.870258808135986,
      6.907620429992676,
      6.947127819061279,
      6.9779558181762695,
      7.023822784423828,
      7.069319725036621,
      7.1146111488342285,
      7.1658034324646,
      7.215029239654541,
      7.270150661468506,
      7.324366569519043,
      7.378171443939209,
      7.432266712188721,
      7.488557815551758,
      7.54374361038208,
      7.590137481689453,
      7.645132541656494,
      7.7066473960876465,
      7.768869876861572,
      7.81931209564209,
      7.874858379364014,
      7.9274210929870605,
      7.975710868835449,
      8.025025367736816,
      8.073912620544434,
      8.121953964233398,
      8.167609214782715,
      8.209348678588867,
      8.261992454528809,
      8.304251670837402,
      8.341217041015625,
      8.382288932800293,
      8.41483211517334,
      8.451750755310059,
      8.492987632751465,
      8.52700138092041,
      8.556110382080078,
      8.584172248840332,
      8.610596656799316,
      8.642923355102539,
      8.676694869995117,
      8.703658103942871,
      8.733257293701172,
      8.752449989318848,
      8.787962913513184,
      8.81273078918457,
      8.82935905456543,
      8.862858772277832,
      8.88620376586914,
      8.91722583770752,
      8.943460464477539,
      8.96433162689209,
      8.995762825012207,
      9.024714469909668,
      9.051640510559082,
      9.082377433776855,
      9.112261772155762,
      9.1407470703125,
      9.174859046936035,
      9.208520889282227,
      9.240174293518066,
      9.277398109436035,
      9.316025733947754,
      9.349221229553223,
      9.386808395385742,
      9.420916557312012,
      9.457696914672852,
      9.493195533752441,
      9.530943870544434,
      9.56641674041748,
      9.609947204589844,
      9.647797584533691,
      9.685103416442871,
      9.730749130249023,
      9.763771057128906,
      9.805598258972168,
      9.844764709472656,
      9.881010055541992,
      9.923688888549805,
      9.957184791564941,
      10.00181770324707,
      10.035740852355957,
      10.072443008422852,
      10.110947608947754,
      10.136226654052734,
      10.173748970031738,
      10.21424674987793,
      10.247052192687988,
      10.282245635986328,
      10.318611145019531,
      10.347030639648438,
      10.383769035339355,
      10.411453247070312,
      10.44411849975586,
      10.470314025878906,
      10.512228012084961,
      10.5419340133667,
      10.576188087463379,
      10.60622501373291,
      10.639662742614746,
      10.675920486450195,
      10.715155601501465,
      10.748798370361328,
      10.792622566223145,
      10.82931137084961,
      10.870983123779297,
      10.917702674865723,
      10.963289260864258,
      11.008709907531738,
      11.061238288879395,
      11.112957000732422,
      11.167640686035156,
      11.225347518920898
    ],