{
  "tag": "final",
  "checkpoint_path": "E:\\JoelZijnEpischeShit\\BachelorsProject\\checkpoints\\Model_nopatch\\fold_AB156\\best_model_epoch_38.pth",
  "overall": {
    "mse": 204.9125856643091,
    "mae": 10.125579616206785,
    "rmse": 14.314768096770171
  },
  "per_step": {
    "mse": [
      74.79996490478516, 75.05437469482422, 75.3973617553711, 75.80522918701172, 76.27496337890625,
      76.80620574951172, 77.38450622558594, 78.03450012207031, 78.7071762084961, 79.4700698852539,
      80.28290557861328, 81.20979309082031, 82.1897964477539, 83.21519470214844, 84.3842544555664,
      85.61860656738281, 86.94760131835938, 88.39253997802734, 89.98097229003906, 91.60081481933594,
      93.35570526123047, 95.22573852539062, 97.1476821899414, 99.19365692138672, 101.39767456054688,
      103.57676696777344, 105.91541290283203, 108.34246826171875, 110.81661224365234, 113.39106750488281,
      116.060302734375, 118.81897735595703, 121.63217163085938, 124.52603149414062, 127.48861694335938,
      130.45538330078125, 133.52706909179688, 136.72335815429688, 139.82025146484375, 143.08738708496094,
      146.33837890625, 149.69744873046875, 153.04356384277344, 156.34561157226562, 159.7834014892578,
      163.06971740722656, 166.48773193359375, 169.9705810546875, 173.3437042236328, 176.77320861816406,
      180.12518310546875, 183.5149383544922, 186.87265014648438, 190.2056121826172, 193.53683471679688,
      196.84707641601562, 200.14697265625, 203.27490234375, 206.5165252685547, 209.7995147705078,
      212.6138916015625, 215.7771453857422, 218.7485809326172, 221.6335906982422, 224.29876708984375,
      227.08238220214844, 229.85855102539062, 232.37661743164062, 235.13548278808594, 237.63893127441406,
      240.03518676757812, 242.25421142578125, 244.611572265625, 246.71803283691406, 248.97348022460938,
      251.16854858398438, 253.1721954345703, 255.23593139648438, 257.2346496582031, 259.1726989746094,
      260.9671630859375, 262.84857177734375, 264.6582946777344, 266.4430236816406, 268.137939453125,
      269.6431579589844, 271.2810363769531, 272.8344421386719, 274.277099609375, 275.5940856933594,
      277.039794921875, 278.4328918457031, 279.6742858886719, 280.7938232421875, 281.9019470214844,
      282.8138427734375, 283.6478271484375, 284.343505859375, 285.30743408203125, 285.8715515136719,
      286.3110656738281, 286.55914306640625, 287.0242919921875, 287.23876953125, 287.3840637207031,
      287.2425537109375, 287.2701721191406, 287.15325927734375, 286.8191833496094, 286.3326721191406,
      285.8452453613281, 285.3278503417969, 284.7593994140625, 283.9603271484375, 283.2441101074219,
      282.3121032714844, 281.4049377441406, 280.4286804199219, 279.5812683105469, 278.58880615234375,
      277.6075744628906, 276.54046630859375, 275.6557922363281, 274.7265930175781, 273.74560546875,
      272.6763916015625, 271.9614562988281, 271.21453857421875, 270.458251953125, 269.7939147949219,
      269.0231628417969, 268.522216796875, 268.2318420410156, 267.8155212402344, 267.4783020019531,
      267.3367004394531, 267.4427795410156
    ],
    "rmse": [
      8.648696899414062, 8.663393020629883, 8.683165550231934, 8.706619262695312, 8.733553886413574,
      8.763915061950684, 8.796846389770508, 8.83371353149414, 8.87170696258545, 8.91459846496582,
      8.96007251739502, 9.01164722442627, 9.065858840942383, 9.122236251831055, 9.186090469360352,
      9.253032684326172, 9.324569702148438, 9.40173053741455, 9.485830307006836, 9.570831298828125,
      9.662075996398926, 9.758367538452148, 9.856352806091309, 9.959601402282715, 10.06964111328125,
      10.177267074584961, 10.291521072387695, 10.408768653869629, 10.526947021484375, 10.648524284362793,
      10.773128509521484, 10.900411605834961, 11.028697967529297, 11.159123420715332, 11.291086196899414,
      11.421707153320312, 11.555391311645508, 11.692876815795898, 11.82456111907959, 11.9619140625,
      12.097040176391602, 12.235090255737305, 12.371077537536621, 12.503823280334473, 12.640545845031738,
      12.769875526428223, 12.9030122756958, 13.037277221679688, 13.166006088256836, 13.295608520507812,
      13.421072959899902, 13.546769142150879, 13.670137405395508, 13.791504859924316, 13.911751747131348,
      14.030220031738281, 14.147331237792969, 14.257451057434082, 14.370682716369629, 14.484457015991211,
      14.58128547668457, 14.68935489654541, 14.790151596069336, 14.88736343383789, 14.976607322692871,
      15.069252967834473, 15.161087036132812, 15.243904113769531, 15.334127426147461, 15.415541648864746,
      15.493069648742676, 15.5645170211792, 15.640063285827637, 15.707261085510254, 15.77889347076416,
      15.848298072814941, 15.911385536193848, 15.976105690002441, 16.038536071777344, 16.098840713500977,
      16.154478073120117, 16.21260643005371, 16.268321990966797, 16.323081970214844, 16.37491798400879,
      16.420814514160156, 16.470611572265625, 16.517702102661133, 16.56131362915039, 16.60102653503418,
      16.644512176513672, 16.686307907104492, 16.723464965820312, 16.75690269470215, 16.789936065673828,
      16.81707000732422, 16.841848373413086, 16.86248779296875, 16.89104652404785, 16.90773582458496,
      16.92072868347168, 16.928058624267578, 16.941791534423828, 16.9481201171875, 16.95240592956543,
      16.948232650756836, 16.949047088623047, 16.94559669494629, 16.93573760986328, 16.921367645263672,
      16.906959533691406, 16.89164924621582, 16.874814987182617, 16.85112190246582, 16.829858779907227,
      16.80214500427246, 16.775127410888672, 16.746004104614258, 16.720684051513672, 16.690980911254883,
      16.66156005859375, 16.629507064819336, 16.60288429260254, 16.574878692626953, 16.545259475708008,
      16.512916564941406, 16.491254806518555, 16.46859359741211, 16.445613861083984, 16.425405502319336,
      16.401926040649414, 16.386648178100586, 16.377784729003906, 16.365070343017578, 16.35476303100586,
      16.350433349609375, 16.35367774963379
    ]
  },
  "residual_summary": {
    "count": 34768956,
    "mean": 4.530408984080514,
    "std": 13.578953582578444
  },
  "subject_metrics": {
    "AB156": {"mse": 204.91258600971503, "mae": 10.12557961735902, "rmse": 14.314768108834842, "count": 34768956}
  },
  "activity_metrics": {
    "walk":       {"mse": 226.27754162143464, "mae": 10.59378772363701,  "rmse": 15.042524443105773, "count": 17419002},
    "ramp_up":    {"mse": 143.3317813677139,  "mae": 8.974842115225515,  "rmse": 11.972125181759248, "count": 5971008},
    "ramp_down":  {"mse": 141.92314981572557, "mae": 9.606018216615723,  "rmse": 11.913150289311622, "count": 5735094},
    "stair_up":   {"mse": 305.9012537716339,  "mae": 11.6791298716926,   "rmse": 17.49003298372058,  "count": 2822748},
    "stair_down": {"mse": 230.33811100463947, "mae": 9.171980420087843,  "rmse": 15.176893984100946, "count": 2821104}
  }
}
